split,group,rule1,rule2,rule3,rule4,a,b,c
train,T1,T1_1,T1_2,T1_3,T1_4,12,-36,-36
train,T1,T1_1,T1_2,T1_3,T1_4,4,32,32
train,T1,T1_1,T1_2,T1_3,T1_4,32,-32,32
train,T1,T1_1,T1_2,T1_3,T1_4,-2,-2,74
train,T1,T1_1,T1_2,T1_3,T1_4,6,72,72
train,T1,T1_1,T1_2,T1_3,T1_4,8,8,0
train,T1,T1_1,T1_2,T1_3,T1_4,42,42,-42
train,T1,T1_1,T1_2,T1_3,T1_4,-12,-60,-60
train,T1,T1_1,T1_2,T1_3,T1_4,78,78,0
train,T1,T1_1,T1_2,T1_3,T1_4,-2,-2,-64
train,T1,T1_1,T1_2,T1_3,T1_4,-2,44,44
train,T1,T1_1,T1_2,T1_3,T1_4,14,14,-98
train,T1,T1_1,T1_2,T1_3,T1_4,94,-94,94
train,T1,T1_1,T1_2,T1_3,T1_4,-2,-2,48
train,T1,T1_1,T1_2,T1_3,T1_4,-2,-70,-70
train,T1,T1_1,T1_2,T1_3,T1_4,-2,76,76
train,T1,T1_1,T1_2,T1_3,T1_4,28,-56,-56
train,T1,T1_1,T1_2,T1_3,T1_4,-8,-8,-80
train,T1,T1_1,T1_2,T1_3,T1_4,64,64,0
train,T1,T1_1,T1_2,T1_3,T1_4,18,-90,-90
train,T1,T1_1,T1_2,T1_3,T1_4,-2,-2,70
train,T1,T1_1,T1_2,T1_3,T1_4,-24,-24,72
train,T1,T1_1,T1_2,T1_3,T1_4,2,2,-84
train,T1,T1_1,T1_2,T1_3,T1_4,2,-94,-94
train,T1,T1_1,T1_2,T1_3,T1_4,-42,84,84
train,T1,T1_1,T1_2,T1_3,T1_4,4,-4,-4
train,T1,T1_1,T1_2,T1_3,T1_4,28,28,-56
train,T1,T1_1,T1_2,T1_3,T1_4,20,-20,20
train,T1,T1_1,T1_2,T1_3,T1_4,-2,-2,0
train,T1,T1_1,T1_2,T1_3,T1_4,2,-74,-74
train,T1,T1_1,T1_2,T1_3,T1_4,46,-92,-92
train,T1,T1_1,T1_2,T1_3,T1_4,-2,-58,-58
train,T1,T1_1,T1_2,T1_3,T1_4,18,18,90
train,T1,T1_1,T1_2,T1_3,T1_4,-80,-80,0
train,T1,T1_1,T1_2,T1_3,T1_4,-2,-2,22
train,T1,T1_1,T1_2,T1_3,T1_4,8,64,64
train,T1,T1_1,T1_2,T1_3,T1_4,-22,22,22
train,T1,T1_1,T1_2,T1_3,T1_4,2,2,62
train,T1,T1_1,T1_2,T1_3,T1_4,-6,18,18
train,T1,T1_1,T1_2,T1_3,T1_4,-12,-12,0
train,T1,T1_1,T1_2,T1_3,T1_4,-2,-46,-46
train,T1,T1_1,T1_2,T1_3,T1_4,22,22,0
train,T1,T1_1,T1_2,T1_3,T1_4,26,-78,-78
train,T1,T1_1,T1_2,T1_3,T1_4,10,10,-30
train,T1,T1_1,T1_2,T1_3,T1_4,2,2,48
train,T1,T1_1,T1_2,T1_3,T1_4,10,10,-60
train,T1,T1_1,T1_2,T1_3,T1_4,-4,-4,-92
train,T1,T1_1,T1_2,T1_3,T1_4,-8,-56,-56
train,T1,T1_1,T1_2,T1_3,T1_4,6,-30,-30
train,T1,T1_1,T1_2,T1_3,T1_4,-40,-40,40
train,T1,T1_1,T1_2,T1_3,T1_4,14,14,0
train,T1,T1_1,T1_2,T1_3,T1_4,4,4,64
train,T1,T1_1,T1_2,T1_3,T1_4,12,-12,-12
train,T1,T1_1,T1_2,T1_3,T1_4,8,-32,-32
train,T1,T1_1,T1_2,T1_3,T1_4,78,-78,-78
train,T1,T1_1,T1_2,T1_3,T1_4,-54,-54,54
train,T1,T1_1,T1_2,T1_3,T1_4,-38,38,-38
train,T1,T1_1,T1_2,T1_3,T1_4,2,-58,-58
train,T1,T1_1,T1_2,T1_3,T1_4,16,16,80
train,T1,T1_1,T1_2,T1_3,T1_4,12,12,-96
train,T1,T1_1,T1_2,T1_3,T1_4,-46,-92,-92
train,T1,T1_1,T1_2,T1_3,T1_4,22,-66,-66
train,T1,T1_1,T1_2,T1_3,T1_4,-82,82,82
train,T1,T1_1,T1_2,T1_3,T1_4,-10,80,80
train,T1,T1_1,T1_2,T1_3,T1_4,-24,-96,-96
train,T1,T1_1,T1_2,T1_3,T1_4,-4,-4,76
train,T1,T1_1,T1_2,T1_3,T1_4,-10,70,70
train,T1,T1_1,T1_2,T1_3,T1_4,2,2,28
train,T1,T1_1,T1_2,T1_3,T1_4,52,52,-52
train,T1,T1_1,T1_2,T1_3,T1_4,6,42,42
train,T1,T1_1,T1_2,T1_3,T1_4,-2,-44,-44
train,T1,T1_1,T1_2,T1_3,T1_4,-86,-86,86
train,T1,T1_1,T1_2,T1_3,T1_4,100,100,0
train,T1,T1_1,T1_2,T1_3,T1_4,10,10,100
train,T1,T1_1,T1_2,T1_3,T1_4,-2,-2,-60
train,T1,T1_1,T1_2,T1_3,T1_4,2,2,-56
train,T1,T1_1,T1_2,T1_3,T1_4,6,84,84
train,T1,T1_1,T1_2,T1_3,T1_4,94,94,-94
train,T1,T1_1,T1_2,T1_3,T1_4,-6,-12,-12
train,T1,T1_1,T1_2,T1_3,T1_4,6,-6,-6
train,T1,T1_1,T1_2,T1_3,T1_4,-52,-52,52
train,T1,T1_1,T1_2,T1_3,T1_4,80,-80,80
train,T1,T1_1,T1_2,T1_3,T1_4,6,6,-36
train,T1,T1_1,T1_2,T1_3,T1_4,40,-40,-40
train,T1,T1_1,T1_2,T1_3,T1_4,16,-64,-64
train,T1,T1_1,T1_2,T1_3,T1_4,-2,-72,-72
train,T1,T1_1,T1_2,T1_3,T1_4,-8,-8,72
train,T1,T1_1,T1_2,T1_3,T1_4,10,30,30
train,T1,T1_1,T1_2,T1_3,T1_4,-10,-70,-70
train,T1,T1_1,T1_2,T1_3,T1_4,4,4,92
train,T1,T1_1,T1_2,T1_3,T1_4,4,4,72
train,T1,T1_1,T1_2,T1_3,T1_4,4,4,88
train,T1,T1_1,T1_2,T1_3,T1_4,-10,-10,-70
train,T1,T1_1,T1_2,T1_3,T1_4,18,18,54
train,T1,T1_1,T1_2,T1_3,T1_4,-48,-48,-96
train,T1,T1_1,T1_2,T1_3,T1_4,50,50,-50
train,T1,T1_1,T1_2,T1_3,T1_4,4,-92,-92
train,T1,T1_1,T1_2,T1_3,T1_4,30,-30,30
train,T1,T1_1,T1_2,T1_3,T1_4,44,44,88
train,T1,T1_1,T1_2,T1_3,T1_4,8,8,-32
train,T1,T1_1,T1_2,T1_3,T1_4,2,2,40
train,T1,T1_1,T1_2,T1_3,T1_4,-74,74,-74
train,T1,T1_1,T1_2,T1_3,T1_4,4,4,36
train,T1,T1_1,T1_2,T1_3,T1_4,2,74,74
train,T1,T1_1,T1_2,T1_3,T1_4,6,-96,-96
train,T1,T1_1,T1_2,T1_3,T1_4,56,-56,-56
train,T1,T1_1,T1_2,T1_3,T1_4,16,32,32
train,T1,T1_1,T1_2,T1_3,T1_4,40,40,80
train,T1,T1_1,T1_2,T1_3,T1_4,-2,-2,20
train,T1,T1_1,T1_2,T1_3,T1_4,44,-44,44
train,T1,T1_1,T1_2,T1_3,T1_4,6,6,0
train,T1,T1_1,T1_2,T1_3,T1_4,6,48,48
train,T1,T1_1,T1_2,T1_3,T1_4,16,-96,-96
train,T1,T1_1,T1_2,T1_3,T1_4,-4,-64,-64
train,T1,T1_1,T1_2,T1_3,T1_4,-4,-24,-24
train,T1,T1_1,T1_2,T1_3,T1_4,-40,-40,0
train,T1,T1_1,T1_2,T1_3,T1_4,32,-64,-64
train,T1,T1_1,T1_2,T1_3,T1_4,-18,-36,-36
train,T1,T1_1,T1_2,T1_3,T1_4,-44,-44,0
train,T1,T1_1,T1_2,T1_3,T1_4,-12,-12,-36
train,T1,T1_1,T1_2,T1_3,T1_4,-2,-36,-36
train,T1,T1_1,T1_2,T1_3,T1_4,-34,-34,0
train,T1,T1_1,T1_2,T1_3,T1_4,-10,-10,80
train,T1,T1_1,T1_2,T1_3,T1_4,2,2,-26
train,T1,T1_1,T1_2,T1_3,T1_4,4,88,88
train,T1,T1_1,T1_2,T1_3,T1_4,-4,-96,-96
train,T1,T1_1,T1_2,T1_3,T1_4,-48,96,96
train,T1,T1_1,T1_2,T1_3,T1_4,6,6,-48
train,T1,T1_1,T1_2,T1_3,T1_4,-16,96,96
train,T1,T1_1,T1_2,T1_3,T1_4,2,2,-78
train,T1,T1_1,T1_2,T1_3,T1_4,-2,-2,6
train,T1,T1_1,T1_2,T1_3,T1_4,10,10,0
train,T1,T1_1,T1_2,T1_3,T1_4,34,34,68
train,T1,T1_1,T1_2,T1_3,T1_4,-56,56,56
train,T1,T1_1,T1_2,T1_3,T1_4,2,2,-66
train,T1,T1_1,T1_2,T1_3,T1_4,-4,-4,96
train,T1,T1_1,T1_2,T1_3,T1_4,46,92,92
train,T1,T1_1,T1_2,T1_3,T1_4,-14,-14,-42
train,T1,T1_1,T1_2,T1_3,T1_4,-46,-46,92
train,T1,T1_1,T1_2,T1_3,T1_4,14,-14,-14
train,T1,T1_1,T1_2,T1_3,T1_4,2,2,64
train,T1,T1_1,T1_2,T1_3,T1_4,-2,-2,-4
train,T1,T1_1,T1_2,T1_3,T1_4,-2,32,32
train,T1,T1_1,T1_2,T1_3,T1_4,-40,40,40
train,T1,T1_1,T1_2,T1_3,T1_4,-8,-8,-24
train,T1,T1_1,T1_2,T1_3,T1_4,-2,-2,18
train,T1,T1_1,T1_2,T1_3,T1_4,18,-72,-72
train,T1,T1_1,T1_2,T1_3,T1_4,22,-22,22
train,T1,T1_1,T1_2,T1_3,T1_4,14,84,84
train,T1,T1_1,T1_2,T1_3,T1_4,10,-10,-10
train,T1,T1_1,T1_2,T1_3,T1_4,-4,-12,-12
train,T1,T1_1,T1_2,T1_3,T1_4,34,68,68
train,T1,T1_1,T1_2,T1_3,T1_4,-18,18,-18
train,T1,T1_1,T1_2,T1_3,T1_4,2,60,60
train,T1,T1_1,T1_2,T1_3,T1_4,-2,78,78
train,T1,T1_1,T1_2,T1_3,T1_4,10,60,60
train,T1,T1_1,T1_2,T1_3,T1_4,2,2,-68
train,T1,T1_1,T1_2,T1_3,T1_4,6,6,-66
train,T1,T1_1,T1_2,T1_3,T1_4,-6,96,96
train,T1,T1_1,T1_2,T1_3,T1_4,-14,-14,98
train,T1,T1_1,T1_2,T1_3,T1_4,-8,96,96
train,T1,T1_1,T1_2,T1_3,T1_4,32,32,-32
train,T1,T1_1,T1_2,T1_3,T1_4,-2,82,82
train,T1,T1_1,T1_2,T1_3,T1_4,12,12,24
train,T1,T1_1,T1_2,T1_3,T1_4,-10,30,30
train,T1,T1_1,T1_2,T1_3,T1_4,66,66,-66
train,T1,T1_1,T1_2,T1_3,T1_4,12,12,36
train,T1,T1_1,T1_2,T1_3,T1_4,2,-16,-16
train,T1,T1_1,T1_2,T1_3,T1_4,-14,-14,70
train,T1,T1_1,T1_2,T1_3,T1_4,36,-72,-72
train,T1,T1_1,T1_2,T1_3,T1_4,2,2,96
train,T1,T1_1,T1_2,T1_3,T1_4,12,12,-48
train,T1,T1_1,T1_2,T1_3,T1_4,28,-28,-28
train,T1,T1_1,T1_2,T1_3,T1_4,12,60,60
train,T1,T1_1,T1_2,T1_3,T1_4,-2,-14,-14
train,T1,T1_1,T1_2,T1_3,T1_4,-58,-58,0
train,T1,T1_1,T1_2,T1_3,T1_4,-68,-68,68
train,T1,T1_1,T1_2,T1_3,T1_4,4,84,84
train,T1,T1_1,T1_2,T1_3,T1_4,10,-30,-30
train,T1,T1_1,T1_2,T1_3,T1_4,-10,-10,90
train,T2,T2_1,T2_2,T2_3,T2_4,-26,6,96
train,T2,T2_1,T2_2,T2_3,T2_4,-56,-26,16
train,T2,T2_1,T2_2,T2_3,T2_4,-56,-26,96
train,T2,T2_1,T2_2,T2_3,T2_4,-36,-6,86
train,T2,T2_1,T2_2,T2_3,T2_4,-46,-16,56
train,T2,T2_1,T2_2,T2_3,T2_4,-66,-56,-36
train,T2,T2_1,T2_2,T2_3,T2_4,-56,-36,96
train,T2,T2_1,T2_2,T2_3,T2_4,-26,16,86
train,T2,T2_1,T2_2,T2_3,T2_4,-36,-26,26
train,T2,T2_1,T2_2,T2_3,T2_4,-36,-26,36
train,T2,T2_1,T2_2,T2_3,T2_4,-86,-26,36
train,T2,T2_1,T2_2,T2_3,T2_4,-66,-6,56
train,T2,T2_1,T2_2,T2_3,T2_4,-66,-56,86
train,T2,T2_1,T2_2,T2_3,T2_4,-36,-26,86
train,T2,T2_1,T2_2,T2_3,T2_4,-86,-76,-46
train,T2,T2_1,T2_2,T2_3,T2_4,-16,16,56
train,T2,T2_1,T2_2,T2_3,T2_4,-96,-86,-46
train,T2,T2_1,T2_2,T2_3,T2_4,-46,-36,76
train,T2,T2_1,T2_2,T2_3,T2_4,26,46,96
train,T2,T2_1,T2_2,T2_3,T2_4,-66,-16,96
train,T2,T2_1,T2_2,T2_3,T2_4,6,16,66
train,T2,T2_1,T2_2,T2_3,T2_4,-36,-16,26
train,T2,T2_1,T2_2,T2_3,T2_4,-86,-36,56
train,T2,T2_1,T2_2,T2_3,T2_4,-96,-66,36
train,T2,T2_1,T2_2,T2_3,T2_4,16,26,46
train,T2,T2_1,T2_2,T2_3,T2_4,-36,-26,16
train,T2,T2_1,T2_2,T2_3,T2_4,-76,-46,96
train,T2,T2_1,T2_2,T2_3,T2_4,-16,-6,6
train,T2,T2_1,T2_2,T2_3,T2_4,-86,-56,-16
train,T2,T2_1,T2_2,T2_3,T2_4,-66,-46,26
train,T2,T2_1,T2_2,T2_3,T2_4,-56,-36,56
train,T2,T2_1,T2_2,T2_3,T2_4,-96,-56,76
train,T2,T2_1,T2_2,T2_3,T2_4,26,36,66
train,T2,T2_1,T2_2,T2_3,T2_4,-76,-26,86
train,T2,T2_1,T2_2,T2_3,T2_4,-46,-16,26
train,T2,T2_1,T2_2,T2_3,T2_4,-56,-6,96
train,T2,T2_1,T2_2,T2_3,T2_4,-66,-6,66
train,T2,T2_1,T2_2,T2_3,T2_4,-86,-66,-6
train,T2,T2_1,T2_2,T2_3,T2_4,-86,-16,76
train,T2,T2_1,T2_2,T2_3,T2_4,-66,-36,26
train,T2,T2_1,T2_2,T2_3,T2_4,26,56,96
train,T2,T2_1,T2_2,T2_3,T2_4,-56,-36,-6
train,T2,T2_1,T2_2,T2_3,T2_4,-46,-36,6
train,T2,T2_1,T2_2,T2_3,T2_4,-56,-16,86
train,T2,T2_1,T2_2,T2_3,T2_4,-96,-76,6
train,T2,T2_1,T2_2,T2_3,T2_4,-56,-16,76
train,T2,T2_1,T2_2,T2_3,T2_4,-66,-6,96
train,T2,T2_1,T2_2,T2_3,T2_4,-66,-46,86
train,T2,T2_1,T2_2,T2_3,T2_4,-86,-26,76
train,T2,T2_1,T2_2,T2_3,T2_4,-96,-86,16
train,T2,T2_1,T2_2,T2_3,T2_4,-96,-26,66
train,T2,T2_1,T2_2,T2_3,T2_4,-96,-26,56
train,T2,T2_1,T2_2,T2_3,T2_4,-66,-56,46
train,T2,T2_1,T2_2,T2_3,T2_4,-96,-66,66
train,T2,T2_1,T2_2,T2_3,T2_4,-16,6,76
train,T2,T2_1,T2_2,T2_3,T2_4,66,76,96
train,T2,T2_1,T2_2,T2_3,T2_4,-56,-6,56
train,T2,T2_1,T2_2,T2_3,T2_4,-46,-6,66
train,T2,T2_1,T2_2,T2_3,T2_4,-56,-26,26
train,T2,T2_1,T2_2,T2_3,T2_4,-66,-46,46
train,T2,T2_1,T2_2,T2_3,T2_4,-16,26,76
train,T2,T2_1,T2_2,T2_3,T2_4,-66,-56,6
train,T2,T2_1,T2_2,T2_3,T2_4,-46,-6,76
train,T2,T2_1,T2_2,T2_3,T2_4,-46,-16,76
train,T2,T2_1,T2_2,T2_3,T2_4,-96,-86,36
train,T2,T2_1,T2_2,T2_3,T2_4,-86,-76,-26
train,T2,T2_1,T2_2,T2_3,T2_4,-36,-16,86
train,T2,T2_1,T2_2,T2_3,T2_4,-86,-76,66
train,T2,T2_1,T2_2,T2_3,T2_4,-96,-16,96
train,T2,T2_1,T2_2,T2_3,T2_4,-86,-56,36
train,T2,T2_1,T2_2,T2_3,T2_4,-46,16,96
train,T2,T2_1,T2_2,T2_3,T2_4,-86,-66,86
train,T2,T2_1,T2_2,T2_3,T2_4,-56,-6,46
train,T2,T2_1,T2_2,T2_3,T2_4,-96,-76,-6
train,T2,T2_1,T2_2,T2_3,T2_4,-46,-16,16
train,T2,T2_1,T2_2,T2_3,T2_4,-56,-16,26
train,T2,T2_1,T2_2,T2_3,T2_4,-36,-6,56
train,T2,T2_1,T2_2,T2_3,T2_4,-76,-6,66
train,T2,T2_1,T2_2,T2_3,T2_4,-66,-56,26
train,T2,T2_1,T2_2,T2_3,T2_4,6,46,96
train,T2,T2_1,T2_2,T2_3,T2_4,46,66,96
train,T2,T2_1,T2_2,T2_3,T2_4,-76,-36,66
train,T2,T2_1,T2_2,T2_3,T2_4,-46,-36,16
train,T2,T2_1,T2_2,T2_3,T2_4,-86,-16,86
train,T2,T2_1,T2_2,T2_3,T2_4,-36,-26,-6
train,T2,T2_1,T2_2,T2_3,T2_4,-86,-6,86
train,T2,T2_1,T2_2,T2_3,T2_4,-96,-86,56
train,T2,T2_1,T2_2,T2_3,T2_4,-46,-26,6
train,T2,T2_1,T2_2,T2_3,T2_4,-76,-26,96
train,T2,T2_1,T2_2,T2_3,T2_4,-76,-56,6
train,T2,T2_1,T2_2,T2_3,T2_4,-36,-16,96
train,T2,T2_1,T2_2,T2_3,T2_4,56,66,86
train,T2,T2_1,T2_2,T2_3,T2_4,-96,-56,66
train,T2,T2_1,T2_2,T2_3,T2_4,-36,-16,56
train,T2,T2_1,T2_2,T2_3,T2_4,-86,-76,-56
train,T2,T2_1,T2_2,T2_3,T2_4,-6,26,86
train,T2,T2_1,T2_2,T2_3,T2_4,46,56,96
train,T2,T2_1,T2_2,T2_3,T2_4,-96,-86,6
train,T2,T2_1,T2_2,T2_3,T2_4,-86,-26,96
train,T2,T2_1,T2_2,T2_3,T2_4,-16,-6,46
train,T2,T2_1,T2_2,T2_3,T2_4,-56,6,76
train,T2,T2_1,T2_2,T2_3,T2_4,-26,-6,76
train,T2,T2_1,T2_2,T2_3,T2_4,-86,-76,76
train,T2,T2_1,T2_2,T2_3,T2_4,-96,-16,66
train,T2,T2_1,T2_2,T2_3,T2_4,26,36,96
train,T2,T2_1,T2_2,T2_3,T2_4,-86,-76,86
train,T2,T2_1,T2_2,T2_3,T2_4,-96,-56,86
train,T2,T2_1,T2_2,T2_3,T2_4,-96,-66,56
train,T2,T2_1,T2_2,T2_3,T2_4,-96,-16,76
train,T2,T2_1,T2_2,T2_3,T2_4,26,36,76
train,T2,T2_1,T2_2,T2_3,T2_4,6,16,76
train,T2,T2_1,T2_2,T2_3,T2_4,-6,26,76
train,T2,T2_1,T2_2,T2_3,T2_4,-56,-46,36
train,T2,T2_1,T2_2,T2_3,T2_4,-56,-36,16
train,T2,T2_1,T2_2,T2_3,T2_4,-86,-56,76
train,T2,T2_1,T2_2,T2_3,T2_4,-96,-76,86
train,T2,T2_1,T2_2,T2_3,T2_4,-76,-16,56
train,T2,T2_1,T2_2,T2_3,T2_4,16,26,96
train,T2,T2_1,T2_2,T2_3,T2_4,-46,-36,56
train,T2,T2_1,T2_2,T2_3,T2_4,-36,-16,76
train,T2,T2_1,T2_2,T2_3,T2_4,-76,-26,36
train,T2,T2_1,T2_2,T2_3,T2_4,-76,-66,16
train,T2,T2_1,T2_2,T2_3,T2_4,36,46,76
train,T2,T2_1,T2_2,T2_3,T2_4,26,46,86
train,T2,T2_1,T2_2,T2_3,T2_4,36,46,66
train,T2,T2_1,T2_2,T2_3,T2_4,-46,6,86
train,T2,T2_1,T2_2,T2_3,T2_4,-6,26,66
train,T2,T2_1,T2_2,T2_3,T2_4,-96,-66,26
train,T2,T2_1,T2_2,T2_3,T2_4,-36,26,96
train,T2,T2_1,T2_2,T2_3,T2_4,-96,-66,-6
train,T2,T2_1,T2_2,T2_3,T2_4,-6,16,96
train,T2,T2_1,T2_2,T2_3,T2_4,-56,6,86
train,T2,T2_1,T2_2,T2_3,T2_4,-96,-36,56
train,T2,T2_1,T2_2,T2_3,T2_4,-76,-56,46
train,T2,T2_1,T2_2,T2_3,T2_4,-86,-36,26
train,T2,T2_1,T2_2,T2_3,T2_4,-56,-46,56
train,T2,T2_1,T2_2,T2_3,T2_4,-76,-46,26
train,T2,T2_1,T2_2,T2_3,T2_4,-96,-86,76
train,T2,T2_1,T2_2,T2_3,T2_4,-96,-86,-66
train,T2,T2_1,T2_2,T2_3,T2_4,-46,-36,46
train,T2,T2_1,T2_2,T2_3,T2_4,-26,-6,36
train,T2,T2_1,T2_2,T2_3,T2_4,-26,-6,26
train,T2,T2_1,T2_2,T2_3,T2_4,-66,-16,46
train,T2,T2_1,T2_2,T2_3,T2_4,-26,-6,86
train,T2,T2_1,T2_2,T2_3,T2_4,-96,-46,26
train,T2,T2_1,T2_2,T2_3,T2_4,-56,-6,66
train,T2,T2_1,T2_2,T2_3,T2_4,-76,-36,26
train,T2,T2_1,T2_2,T2_3,T2_4,16,46,96
train,T2,T2_1,T2_2,T2_3,T2_4,-66,-26,26
train,T2,T2_1,T2_2,T2_3,T2_4,-66,6,86
train,T2,T2_1,T2_2,T2_3,T2_4,-86,-36,96
train,T2,T2_1,T2_2,T2_3,T2_4,-96,-26,96
train,T2,T2_1,T2_2,T2_3,T2_4,-16,-6,86
train,T2,T2_1,T2_2,T2_3,T2_4,-96,-86,-36
train,T2,T2_1,T2_2,T2_3,T2_4,-26,-16,66
train,T2,T2_1,T2_2,T2_3,T2_4,-26,16,96
train,T2,T2_1,T2_2,T2_3,T2_4,16,26,86
train,T2,T2_1,T2_2,T2_3,T2_4,-76,-46,-6
train,T2,T2_1,T2_2,T2_3,T2_4,-96,-76,-26
train,T2,T2_1,T2_2,T2_3,T2_4,-56,16,96
train,T2,T2_1,T2_2,T2_3,T2_4,-76,-66,-16
train,T2,T2_1,T2_2,T2_3,T2_4,-96,-86,-6
train,T2,T2_1,T2_2,T2_3,T2_4,16,36,86
train,T2,T2_1,T2_2,T2_3,T2_4,16,26,76
train,T2,T2_1,T2_2,T2_3,T2_4,-96,-76,66
train,T2,T2_1,T2_2,T2_3,T2_4,-96,-56,-6
train,T2,T2_1,T2_2,T2_3,T2_4,-96,-76,56
train,T2,T2_1,T2_2,T2_3,T2_4,-76,-46,6
train,T2,T2_1,T2_2,T2_3,T2_4,-76,-16,86
train,T2,T2_1,T2_2,T2_3,T2_4,-56,-26,66
train,T2,T2_1,T2_2,T2_3,T2_4,-76,-26,66
train,T2,T2_1,T2_2,T2_3,T2_4,-26,-16,76
train,T2,T2_1,T2_2,T2_3,T2_4,-26,-16,26
train,T2,T2_1,T2_2,T2_3,T2_4,-86,-76,-36
train,T2,T2_1,T2_2,T2_3,T2_4,36,56,86
train,T2,T2_1,T2_2,T2_3,T2_4,6,16,56
train,T2,T2_1,T2_2,T2_3,T2_4,-46,-36,26
train,T2,T2_1,T2_2,T2_3,T2_4,-86,-76,26
train,T2,T2_1,T2_2,T2_3,T2_4,-86,-76,56
train,T2,T2_1,T2_2,T2_3,T2_4,-36,16,96
train,T3,T3_1,T3_2,T3_3,T3_4,75,-20,55
train,T3,T3_1,T3_2,T3_3,T3_4,35,-60,0
train,T3,T3_1,T3_2,T3_3,T3_4,5,-65,-20
train,T3,T3_1,T3_2,T3_3,T3_4,90,15,35
train,T3,T3_1,T3_2,T3_3,T3_4,100,5,60
train,T3,T3_1,T3_2,T3_3,T3_4,90,-80,45
train,T3,T3_1,T3_2,T3_3,T3_4,25,0,20
train,T3,T3_1,T3_2,T3_3,T3_4,75,-45,-10
train,T3,T3_1,T3_2,T3_3,T3_4,40,10,40
train,T3,T3_1,T3_2,T3_3,T3_4,95,85,95
train,T3,T3_1,T3_2,T3_3,T3_4,0,-25,-10
train,T3,T3_1,T3_2,T3_3,T3_4,45,-95,-55
train,T3,T3_1,T3_2,T3_3,T3_4,85,-20,35
train,T3,T3_1,T3_2,T3_3,T3_4,35,-70,-50
train,T3,T3_1,T3_2,T3_3,T3_4,80,-95,-10
train,T3,T3_1,T3_2,T3_3,T3_4,-35,-75,-45
train,T3,T3_1,T3_2,T3_3,T3_4,75,-20,60
train,T3,T3_1,T3_2,T3_3,T3_4,90,-80,40
train,T3,T3_1,T3_2,T3_3,T3_4,90,-5,35
train,T3,T3_1,T3_2,T3_3,T3_4,60,-90,-20
train,T3,T3_1,T3_2,T3_3,T3_4,10,-45,-25
train,T3,T3_1,T3_2,T3_3,T3_4,100,-20,25
train,T3,T3_1,T3_2,T3_3,T3_4,60,-40,60
train,T3,T3_1,T3_2,T3_3,T3_4,55,-75,-55
train,T3,T3_1,T3_2,T3_3,T3_4,-10,-90,-15
train,T3,T3_1,T3_2,T3_3,T3_4,85,-55,-15
train,T3,T3_1,T3_2,T3_3,T3_4,70,-95,35
train,T3,T3_1,T3_2,T3_3,T3_4,60,-15,-5
train,T3,T3_1,T3_2,T3_3,T3_4,-30,-80,-55
train,T3,T3_1,T3_2,T3_3,T3_4,65,5,35
train,T3,T3_1,T3_2,T3_3,T3_4,95,-30,80
train,T3,T3_1,T3_2,T3_3,T3_4,95,-5,95
train,T3,T3_1,T3_2,T3_3,T3_4,60,15,45
train,T3,T3_1,T3_2,T3_3,T3_4,40,-35,0
train,T3,T3_1,T3_2,T3_3,T3_4,10,-50,-35
train,T3,T3_1,T3_2,T3_3,T3_4,90,-35,15
train,T3,T3_1,T3_2,T3_3,T3_4,-30,-50,-40
train,T3,T3_1,T3_2,T3_3,T3_4,-5,-85,-30
train,T3,T3_1,T3_2,T3_3,T3_4,75,-90,-35
train,T3,T3_1,T3_2,T3_3,T3_4,90,-65,25
train,T3,T3_1,T3_2,T3_3,T3_4,70,40,50
train,T3,T3_1,T3_2,T3_3,T3_4,-20,-70,-45
train,T3,T3_1,T3_2,T3_3,T3_4,70,50,65
train,T3,T3_1,T3_2,T3_3,T3_4,-85,-95,-90
train,T3,T3_1,T3_2,T3_3,T3_4,100,25,85
train,T3,T3_1,T3_2,T3_3,T3_4,-20,-45,-20
train,T3,T3_1,T3_2,T3_3,T3_4,100,-70,-45
train,T3,T3_1,T3_2,T3_3,T3_4,75,35,75
train,T3,T3_1,T3_2,T3_3,T3_4,80,-40,5
train,T3,T3_1,T3_2,T3_3,T3_4,5,-95,5
train,T3,T3_1,T3_2,T3_3,T3_4,95,25,70
train,T3,T3_1,T3_2,T3_3,T3_4,90,-75,-65
train,T3,T3_1,T3_2,T3_3,T3_4,100,-70,-35
train,T3,T3_1,T3_2,T3_3,T3_4,80,-65,-30
train,T3,T3_1,T3_2,T3_3,T3_4,95,-90,25
train,T3,T3_1,T3_2,T3_3,T3_4,85,30,55
train,T3,T3_1,T3_2,T3_3,T3_4,40,-50,0
train,T3,T3_1,T3_2,T3_3,T3_4,5,-55,-30
train,T3,T3_1,T3_2,T3_3,T3_4,80,-30,20
train,T3,T3_1,T3_2,T3_3,T3_4,95,-25,5
train,T3,T3_1,T3_2,T3_3,T3_4,65,25,40
train,T3,T3_1,T3_2,T3_3,T3_4,70,-80,-20
train,T3,T3_1,T3_2,T3_3,T3_4,-25,-65,-35
train,T3,T3_1,T3_2,T3_3,T3_4,25,-80,-70
train,T3,T3_1,T3_2,T3_3,T3_4,25,-75,-50
train,T3,T3_1,T3_2,T3_3,T3_4,10,-10,10
train,T3,T3_1,T3_2,T3_3,T3_4,45,-80,-70
train,T3,T3_1,T3_2,T3_3,T3_4,100,-55,-15
train,T3,T3_1,T3_2,T3_3,T3_4,75,-75,35
train,T3,T3_1,T3_2,T3_3,T3_4,30,-80,-20
train,T3,T3_1,T3_2,T3_3,T3_4,20,-40,-20
train,T3,T3_1,T3_2,T3_3,T3_4,40,-95,20
train,T3,T3_1,T3_2,T3_3,T3_4,50,-35,-10
train,T3,T3_1,T3_2,T3_3,T3_4,70,-35,55
train,T3,T3_1,T3_2,T3_3,T3_4,85,-75,60
train,T3,T3_1,T3_2,T3_3,T3_4,65,-80,-65
train,T3,T3_1,T3_2,T3_3,T3_4,0,-95,-55
train,T3,T3_1,T3_2,T3_3,T3_4,70,-75,-35
train,T3,T3_1,T3_2,T3_3,T3_4,100,-65,100
train,T3,T3_1,T3_2,T3_3,T3_4,40,-35,-20
train,T3,T3_1,T3_2,T3_3,T3_4,30,-80,-45
train,T3,T3_1,T3_2,T3_3,T3_4,95,45,80
train,T3,T3_1,T3_2,T3_3,T3_4,80,40,65
train,T3,T3_1,T3_2,T3_3,T3_4,50,-20,45
train,T3,T3_1,T3_2,T3_3,T3_4,90,-25,-20
train,T3,T3_1,T3_2,T3_3,T3_4,5,-75,-65
train,T3,T3_1,T3_2,T3_3,T3_4,55,-80,30
train,T3,T3_1,T3_2,T3_3,T3_4,85,-75,65
train,T3,T3_1,T3_2,T3_3,T3_4,50,-70,-15
train,T3,T3_1,T3_2,T3_3,T3_4,25,-55,20
train,T3,T3_1,T3_2,T3_3,T3_4,15,-95,-55
train,T3,T3_1,T3_2,T3_3,T3_4,40,-80,-70
train,T3,T3_1,T3_2,T3_3,T3_4,25,-80,-30
train,T3,T3_1,T3_2,T3_3,T3_4,30,-80,-75
train,T3,T3_1,T3_2,T3_3,T3_4,25,-50,-5
train,T3,T3_1,T3_2,T3_3,T3_4,-15,-85,-55
train,T3,T3_1,T3_2,T3_3,T3_4,-65,-95,-80
train,T3,T3_1,T3_2,T3_3,T3_4,-10,-65,-20
train,T3,T3_1,T3_2,T3_3,T3_4,45,-50,40
train,T3,T3_1,T3_2,T3_3,T3_4,65,-40,10
train,T3,T3_1,T3_2,T3_3,T3_4,20,-95,-85
train,T3,T3_1,T3_2,T3_3,T3_4,60,-80,60
train,T3,T3_1,T3_2,T3_3,T3_4,35,10,30
train,T3,T3_1,T3_2,T3_3,T3_4,-5,-80,-20
train,T3,T3_1,T3_2,T3_3,T3_4,90,-95,-65
train,T3,T3_1,T3_2,T3_3,T3_4,75,-30,20
train,T3,T3_1,T3_2,T3_3,T3_4,100,-55,40
train,T3,T3_1,T3_2,T3_3,T3_4,90,-75,55
train,T3,T3_1,T3_2,T3_3,T3_4,95,-65,55
train,T3,T3_1,T3_2,T3_3,T3_4,70,-60,-20
train,T3,T3_1,T3_2,T3_3,T3_4,75,-85,-75
train,T3,T3_1,T3_2,T3_3,T3_4,5,-50,5
train,T3,T3_1,T3_2,T3_3,T3_4,35,20,25
train,T3,T3_1,T3_2,T3_3,T3_4,35,-75,-30
train,T3,T3_1,T3_2,T3_3,T3_4,65,0,60
train,T3,T3_1,T3_2,T3_3,T3_4,40,-35,40
train,T3,T3_1,T3_2,T3_3,T3_4,90,-60,15
train,T3,T3_1,T3_2,T3_3,T3_4,-10,-55,-20
train,T3,T3_1,T3_2,T3_3,T3_4,45,-20,-5
train,T3,T3_1,T3_2,T3_3,T3_4,10,-70,-15
train,T3,T3_1,T3_2,T3_3,T3_4,55,-20,35
train,T3,T3_1,T3_2,T3_3,T3_4,90,50,80
train,T3,T3_1,T3_2,T3_3,T3_4,60,-55,10
train,T3,T3_1,T3_2,T3_3,T3_4,55,-60,-20
train,T3,T3_1,T3_2,T3_3,T3_4,60,-25,20
train,T3,T3_1,T3_2,T3_3,T3_4,55,-45,35
train,T3,T3_1,T3_2,T3_3,T3_4,-15,-90,-20
train,T3,T3_1,T3_2,T3_3,T3_4,50,-75,-65
train,T3,T3_1,T3_2,T3_3,T3_4,75,-35,-25
train,T3,T3_1,T3_2,T3_3,T3_4,60,-40,-5
train,T3,T3_1,T3_2,T3_3,T3_4,65,-80,55
train,T3,T3_1,T3_2,T3_3,T3_4,5,-60,-20
train,T3,T3_1,T3_2,T3_3,T3_4,100,15,95
train,T3,T3_1,T3_2,T3_3,T3_4,90,-25,-15
train,T3,T3_1,T3_2,T3_3,T3_4,95,-15,95
train,T3,T3_1,T3_2,T3_3,T3_4,50,-15,-10
train,T3,T3_1,T3_2,T3_3,T3_4,90,-45,60
train,T3,T3_1,T3_2,T3_3,T3_4,55,-95,0
train,T3,T3_1,T3_2,T3_3,T3_4,-20,-95,-65
train,T3,T3_1,T3_2,T3_3,T3_4,60,-30,-25
train,T3,T3_1,T3_2,T3_3,T3_4,-10,-95,-85
train,T3,T3_1,T3_2,T3_3,T3_4,20,0,5
train,T3,T3_1,T3_2,T3_3,T3_4,75,-5,55
train,T3,T3_1,T3_2,T3_3,T3_4,85,-35,-5
train,T3,T3_1,T3_2,T3_3,T3_4,85,-30,25
train,T3,T3_1,T3_2,T3_3,T3_4,100,25,35
train,T3,T3_1,T3_2,T3_3,T3_4,95,-75,-55
train,T3,T3_1,T3_2,T3_3,T3_4,65,-70,50
train,T3,T3_1,T3_2,T3_3,T3_4,30,-55,-50
train,T3,T3_1,T3_2,T3_3,T3_4,95,60,65
train,T3,T3_1,T3_2,T3_3,T3_4,70,-70,10
train,T3,T3_1,T3_2,T3_3,T3_4,90,-90,-65
train,T3,T3_1,T3_2,T3_3,T3_4,-35,-65,-55
train,T3,T3_1,T3_2,T3_3,T3_4,80,-90,80
train,T3,T3_1,T3_2,T3_3,T3_4,0,-80,-15
train,T3,T3_1,T3_2,T3_3,T3_4,95,-30,75
train,T3,T3_1,T3_2,T3_3,T3_4,35,-55,-45
train,T3,T3_1,T3_2,T3_3,T3_4,90,-45,65
train,T3,T3_1,T3_2,T3_3,T3_4,70,-45,40
train,T3,T3_1,T3_2,T3_3,T3_4,60,-75,-35
train,T3,T3_1,T3_2,T3_3,T3_4,40,-70,-55
train,T3,T3_1,T3_2,T3_3,T3_4,90,-75,45
train,T3,T3_1,T3_2,T3_3,T3_4,85,-60,40
train,T3,T3_1,T3_2,T3_3,T3_4,100,-75,-5
train,T3,T3_1,T3_2,T3_3,T3_4,100,-60,-20
train,T3,T3_1,T3_2,T3_3,T3_4,75,-75,-40
train,T3,T3_1,T3_2,T3_3,T3_4,95,-85,-60
train,T3,T3_1,T3_2,T3_3,T3_4,80,-50,-40
train,T3,T3_1,T3_2,T3_3,T3_4,95,0,50
train,T3,T3_1,T3_2,T3_3,T3_4,20,-80,-65
train,T3,T3_1,T3_2,T3_3,T3_4,70,-10,15
train,T3,T3_1,T3_2,T3_3,T3_4,70,-60,-15
train,T3,T3_1,T3_2,T3_3,T3_4,70,-25,0
train,T3,T3_1,T3_2,T3_3,T3_4,35,-95,-90
train,T3,T3_1,T3_2,T3_3,T3_4,0,-65,-10
train,T3,T3_1,T3_2,T3_3,T3_4,50,-50,-45
train,T3,T3_1,T3_2,T3_3,T3_4,60,15,55
train,T3,T3_1,T3_2,T3_3,T3_4,20,-75,-35
train,T3,T3_1,T3_2,T3_3,T3_4,50,-85,-50
train,T3,T3_1,T3_2,T3_3,T3_4,100,20,95
train,T4,T4_1,T4_2,T4_3,T4_4,-27,0,39
train,T4,T4_1,T4_2,T4_3,T4_4,-72,-69,84
train,T4,T4_1,T4_2,T4_3,T4_4,18,45,72
train,T4,T4_1,T4_2,T4_3,T4_4,-36,-9,96
train,T4,T4_1,T4_2,T4_3,T4_4,-75,-48,69
train,T4,T4_1,T4_2,T4_3,T4_4,-90,-63,-54
train,T4,T4_1,T4_2,T4_3,T4_4,-90,-87,84
train,T4,T4_1,T4_2,T4_3,T4_4,-15,42,63
train,T4,T4_1,T4_2,T4_3,T4_4,-84,51,78
train,T4,T4_1,T4_2,T4_3,T4_4,-87,-84,93
train,T4,T4_1,T4_2,T4_3,T4_4,-63,-36,-33
train,T4,T4_1,T4_2,T4_3,T4_4,3,42,51
train,T4,T4_1,T4_2,T4_3,T4_4,-54,-33,48
train,T4,T4_1,T4_2,T4_3,T4_4,-87,-84,-81
train,T4,T4_1,T4_2,T4_3,T4_4,-39,18,57
train,T4,T4_1,T4_2,T4_3,T4_4,-90,3,84
train,T4,T4_1,T4_2,T4_3,T4_4,-6,69,84
train,T4,T4_1,T4_2,T4_3,T4_4,-87,12,93
train,T4,T4_1,T4_2,T4_3,T4_4,-39,-24,51
train,T4,T4_1,T4_2,T4_3,T4_4,-57,-54,63
train,T4,T4_1,T4_2,T4_3,T4_4,12,33,48
train,T4,T4_1,T4_2,T4_3,T4_4,-63,-42,3
train,T4,T4_1,T4_2,T4_3,T4_4,0,27,54
train,T4,T4_1,T4_2,T4_3,T4_4,-51,-24,39
train,T4,T4_1,T4_2,T4_3,T4_4,-30,-15,-12
train,T4,T4_1,T4_2,T4_3,T4_4,-99,-36,-27
train,T4,T4_1,T4_2,T4_3,T4_4,-69,-36,75
train,T4,T4_1,T4_2,T4_3,T4_4,-93,24,33
train,T4,T4_1,T4_2,T4_3,T4_4,-60,63,78
train,T4,T4_1,T4_2,T4_3,T4_4,27,36,87
train,T4,T4_1,T4_2,T4_3,T4_4,-57,-48,-21
train,T4,T4_1,T4_2,T4_3,T4_4,-15,54,93
train,T4,T4_1,T4_2,T4_3,T4_4,-39,30,87
train,T4,T4_1,T4_2,T4_3,T4_4,-48,3,48
train,T4,T4_1,T4_2,T4_3,T4_4,-99,36,69
train,T4,T4_1,T4_2,T4_3,T4_4,-90,-81,90
train,T4,T4_1,T4_2,T4_3,T4_4,-96,33,36
train,T4,T4_1,T4_2,T4_3,T4_4,-27,18,63
train,T4,T4_1,T4_2,T4_3,T4_4,-78,3,18
train,T4,T4_1,T4_2,T4_3,T4_4,-87,18,57
train,T4,T4_1,T4_2,T4_3,T4_4,-78,-15,42
train,T4,T4_1,T4_2,T4_3,T4_4,12,45,78
train,T4,T4_1,T4_2,T4_3,T4_4,-93,-90,39
train,T4,T4_1,T4_2,T4_3,T4_4,15,72,87
train,T4,T4_1,T4_2,T4_3,T4_4,-99,12,45
train,T4,T4_1,T4_2,T4_3,T4_4,33,48,63
train,T4,T4_1,T4_2,T4_3,T4_4,-96,-15,36
train,T4,T4_1,T4_2,T4_3,T4_4,-15,30,87
train,T4,T4_1,T4_2,T4_3,T4_4,-96,-57,18
train,T4,T4_1,T4_2,T4_3,T4_4,-24,21,54
train,T4,T4_1,T4_2,T4_3,T4_4,-36,-15,48
train,T4,T4_1,T4_2,T4_3,T4_4,-15,-6,21
train,T4,T4_1,T4_2,T4_3,T4_4,-99,6,75
train,T4,T4_1,T4_2,T4_3,T4_4,-27,30,69
train,T4,T4_1,T4_2,T4_3,T4_4,9,66,75
train,T4,T4_1,T4_2,T4_3,T4_4,-69,66,87
train,T4,T4_1,T4_2,T4_3,T4_4,-87,24,81
train,T4,T4_1,T4_2,T4_3,T4_4,-15,0,51
train,T4,T4_1,T4_2,T4_3,T4_4,-63,-60,99
train,T4,T4_1,T4_2,T4_3,T4_4,-75,-60,51
train,T4,T4_1,T4_2,T4_3,T4_4,-69,-54,-33
train,T4,T4_1,T4_2,T4_3,T4_4,-21,6,15
train,T4,T4_1,T4_2,T4_3,T4_4,18,33,42
train,T4,T4_1,T4_2,T4_3,T4_4,-69,-30,-3
train,T4,T4_1,T4_2,T4_3,T4_4,-63,-54,-45
train,T4,T4_1,T4_2,T4_3,T4_4,-69,-12,69
train,T4,T4_1,T4_2,T4_3,T4_4,-18,39,90
train,T4,T4_1,T4_2,T4_3,T4_4,-57,-18,-3
train,T4,T4_1,T4_2,T4_3,T4_4,66,87,90
train,T4,T4_1,T4_2,T4_3,T4_4,-66,39,48
train,T4,T4_1,T4_2,T4_3,T4_4,18,81,84
train,T4,T4_1,T4_2,T4_3,T4_4,-84,-3,72
train,T4,T4_1,T4_2,T4_3,T4_4,-99,48,69
train,T4,T4_1,T4_2,T4_3,T4_4,-36,75,78
train,T4,T4_1,T4_2,T4_3,T4_4,-15,-12,15
train,T4,T4_1,T4_2,T4_3,T4_4,-57,-18,51
train,T4,T4_1,T4_2,T4_3,T4_4,-90,-87,60
train,T4,T4_1,T4_2,T4_3,T4_4,-51,-6,21
train,T4,T4_1,T4_2,T4_3,T4_4,-54,27,90
train,T4,T4_1,T4_2,T4_3,T4_4,-57,0,99
train,T4,T4_1,T4_2,T4_3,T4_4,-78,-27,54
train,T4,T4_1,T4_2,T4_3,T4_4,-51,90,99
train,T4,T4_1,T4_2,T4_3,T4_4,81,84,87
train,T4,T4_1,T4_2,T4_3,T4_4,-12,39,72
train,T4,T4_1,T4_2,T4_3,T4_4,-93,-78,87
train,T4,T4_1,T4_2,T4_3,T4_4,-78,-3,36
train,T4,T4_1,T4_2,T4_3,T4_4,-99,-84,-51
train,T4,T4_1,T4_2,T4_3,T4_4,15,48,51
train,T4,T4_1,T4_2,T4_3,T4_4,21,54,93
train,T4,T4_1,T4_2,T4_3,T4_4,-36,-33,-30
train,T4,T4_1,T4_2,T4_3,T4_4,-84,27,96
train,T4,T4_1,T4_2,T4_3,T4_4,-57,24,93
train,T4,T4_1,T4_2,T4_3,T4_4,-75,48,75
train,T4,T4_1,T4_2,T4_3,T4_4,48,57,84
train,T4,T4_1,T4_2,T4_3,T4_4,-21,6,27
train,T4,T4_1,T4_2,T4_3,T4_4,-24,63,66
train,T4,T4_1,T4_2,T4_3,T4_4,-66,63,72
train,T4,T4_1,T4_2,T4_3,T4_4,-75,-24,69
train,T4,T4_1,T4_2,T4_3,T4_4,-48,-33,66
train,T4,T4_1,T4_2,T4_3,T4_4,-84,-15,60
train,T4,T4_1,T4_2,T4_3,T4_4,-93,-84,39
train,T4,T4_1,T4_2,T4_3,T4_4,-99,-96,63
train,T4,T4_1,T4_2,T4_3,T4_4,-33,-24,75
train,T4,T4_1,T4_2,T4_3,T4_4,-9,0,93
train,T4,T4_1,T4_2,T4_3,T4_4,-75,12,57
train,T4,T4_1,T4_2,T4_3,T4_4,-69,24,69
train,T4,T4_1,T4_2,T4_3,T4_4,-51,0,39
train,T4,T4_1,T4_2,T4_3,T4_4,-99,12,75
train,T4,T4_1,T4_2,T4_3,T4_4,-9,12,27
train,T4,T4_1,T4_2,T4_3,T4_4,-72,3,24
train,T4,T4_1,T4_2,T4_3,T4_4,-27,0,75
train,T4,T4_1,T4_2,T4_3,T4_4,-78,-57,84
train,T4,T4_1,T4_2,T4_3,T4_4,-36,3,24
train,T4,T4_1,T4_2,T4_3,T4_4,-45,12,87
train,T4,T4_1,T4_2,T4_3,T4_4,-57,-30,81
train,T4,T4_1,T4_2,T4_3,T4_4,-90,-51,72
train,T4,T4_1,T4_2,T4_3,T4_4,-63,-30,21
train,T4,T4_1,T4_2,T4_3,T4_4,-96,-45,78
train,T4,T4_1,T4_2,T4_3,T4_4,-99,-54,3
train,T4,T4_1,T4_2,T4_3,T4_4,-78,-9,18
train,T4,T4_1,T4_2,T4_3,T4_4,-39,-18,69
train,T4,T4_1,T4_2,T4_3,T4_4,-15,6,87
train,T4,T4_1,T4_2,T4_3,T4_4,-75,36,45
train,T4,T4_1,T4_2,T4_3,T4_4,-24,-3,18
train,T4,T4_1,T4_2,T4_3,T4_4,-48,-9,42
train,T4,T4_1,T4_2,T4_3,T4_4,-72,-15,-12
train,T4,T4_1,T4_2,T4_3,T4_4,-51,0,45
train,T4,T4_1,T4_2,T4_3,T4_4,-84,39,54
train,T4,T4_1,T4_2,T4_3,T4_4,-36,-21,84
train,T4,T4_1,T4_2,T4_3,T4_4,3,66,87
train,T4,T4_1,T4_2,T4_3,T4_4,-99,6,57
train,T4,T4_1,T4_2,T4_3,T4_4,0,39,42
train,T4,T4_1,T4_2,T4_3,T4_4,27,72,99
train,T4,T4_1,T4_2,T4_3,T4_4,-69,30,69
train,T4,T4_1,T4_2,T4_3,T4_4,0,63,78
train,T4,T4_1,T4_2,T4_3,T4_4,-48,27,60
train,T4,T4_1,T4_2,T4_3,T4_4,-57,36,69
train,T4,T4_1,T4_2,T4_3,T4_4,-21,24,63
train,T4,T4_1,T4_2,T4_3,T4_4,-30,-3,6
train,T4,T4_1,T4_2,T4_3,T4_4,-24,-9,84
train,T4,T4_1,T4_2,T4_3,T4_4,-96,-93,54
train,T4,T4_1,T4_2,T4_3,T4_4,-78,3,48
train,T4,T4_1,T4_2,T4_3,T4_4,-12,-3,0
train,T4,T4_1,T4_2,T4_3,T4_4,-45,60,87
train,T4,T4_1,T4_2,T4_3,T4_4,-9,-6,51
train,T4,T4_1,T4_2,T4_3,T4_4,30,45,66
train,T4,T4_1,T4_2,T4_3,T4_4,-33,18,87
train,T4,T4_1,T4_2,T4_3,T4_4,-84,81,84
train,T4,T4_1,T4_2,T4_3,T4_4,-45,30,51
train,T4,T4_1,T4_2,T4_3,T4_4,30,63,96
train,T4,T4_1,T4_2,T4_3,T4_4,-72,-45,0
train,T4,T4_1,T4_2,T4_3,T4_4,-69,-54,-27
train,T4,T4_1,T4_2,T4_3,T4_4,-27,72,75
train,T4,T4_1,T4_2,T4_3,T4_4,-84,-69,0
train,T4,T4_1,T4_2,T4_3,T4_4,-45,-24,81
train,T4,T4_1,T4_2,T4_3,T4_4,-36,87,96
train,T4,T4_1,T4_2,T4_3,T4_4,-69,-12,87
train,T4,T4_1,T4_2,T4_3,T4_4,-57,-12,9
train,T4,T4_1,T4_2,T4_3,T4_4,-33,0,93
train,T4,T4_1,T4_2,T4_3,T4_4,-48,93,96
train,T4,T4_1,T4_2,T4_3,T4_4,-21,-18,39
train,T4,T4_1,T4_2,T4_3,T4_4,-30,-9,24
train,T4,T4_1,T4_2,T4_3,T4_4,-36,15,66
train,T4,T4_1,T4_2,T4_3,T4_4,-54,-15,66
train,T4,T4_1,T4_2,T4_3,T4_4,-51,-18,9
train,T4,T4_1,T4_2,T4_3,T4_4,-99,42,99
train,T4,T4_1,T4_2,T4_3,T4_4,-87,-24,-9
train,T4,T4_1,T4_2,T4_3,T4_4,-66,51,96
train,T4,T4_1,T4_2,T4_3,T4_4,3,96,99
train,T4,T4_1,T4_2,T4_3,T4_4,-90,-51,-42
train,T4,T4_1,T4_2,T4_3,T4_4,-15,0,27
train,T4,T4_1,T4_2,T4_3,T4_4,-57,-42,27
train,T4,T4_1,T4_2,T4_3,T4_4,-63,-54,-51
train,T4,T4_1,T4_2,T4_3,T4_4,-30,63,72
train,T4,T4_1,T4_2,T4_3,T4_4,-75,-66,69
train,T4,T4_1,T4_2,T4_3,T4_4,-78,-33,-6
train,T4,T4_1,T4_2,T4_3,T4_4,-60,-45,42
train,T4,T4_1,T4_2,T4_3,T4_4,-84,-45,-24
train,T4,T4_1,T4_2,T4_3,T4_4,-12,-3,96
train,T4,T4_1,T4_2,T4_3,T4_4,-51,36,45
iid,T1,T1_1,T1_2,T1_3,T1_4,-8,56,56
iid,T2,T2_1,T2_2,T2_3,T2_4,-56,6,96
iid,T3,T3_1,T3_2,T3_3,T3_4,10,-10,-5
iid,T4,T4_1,T4_2,T4_3,T4_4,-42,27,42
ood_val,V1,V1_1,V1_2,V1_3,V1_4,-59,-49,-39
ood_val,V1,V1_1,V1_2,V1_3,V1_4,-99,-59,-19
ood_val,V2,V2_1,V2_2,V2_3,V2_4,56,-49,0
ood_val,V2,V2_1,V2_2,V2_3,V2_4,-91,0,-14
ood_test,O1,O1_1,O1_2,O1_3,O1_4,-1,-81,-91
ood_test,O1,O1_1,O1_2,O1_3,O1_4,-61,-71,-91
ood_test,O1,O1_1,O1_2,O1_3,O1_4,-1,-21,-81
ood_test,O1,O1_1,O1_2,O1_3,O1_4,-21,-41,-91
ood_test,O1,O1_1,O1_2,O1_3,O1_4,-11,-31,-41
ood_test,O2,O2_1,O2_2,O2_3,O2_4,-77,75,-47
ood_test,O2,O2_1,O2_2,O2_3,O2_4,-9,55,-71
ood_test,O2,O2_1,O2_2,O2_3,O2_4,-51,37,-87
ood_test,O2,O2_1,O2_2,O2_3,O2_4,-67,75,25
ood_test,O2,O2_1,O2_2,O2_3,O2_4,-39,81,3
ood_test,O3,O3_1,O3_2,O3_3,O3_4,97,67,37
ood_test,O3,O3_1,O3_2,O3_3,O3_4,97,73,67
ood_test,O3,O3_1,O3_2,O3_3,O3_4,89,67,13
ood_test,O3,O3_1,O3_2,O3_3,O3_4,79,43,31
ood_test,O3,O3_1,O3_2,O3_3,O3_4,89,67,2
ood_test,O4,O4_1,O4_2,O4_3,O4_4,-27,8,27
ood_test,O4,O4_1,O4_2,O4_3,O4_4,8,27,-27
ood_test,O4,O4_1,O4_2,O4_3,O4_4,-27,0,1
ood_test,O4,O4_1,O4_2,O4_3,O4_4,-1,64,-1
ood_test,O4,O4_1,O4_2,O4_3,O4_4,-64,1,-1
